metric,value,method
recall@1,0.3437536316095293,BM25
recall@3,0.5289947704822777,BM25
recall@5,0.6051133062173155,BM25
recall@10,0.6873910517141197,BM25
mrr,0.45384434114532896,BM25
ndcg@10,0.4975189851606055,BM25
