metric,BM25,Dense_E5,improvement_dense_minus_bm25,relative_improvement_percent
mrr,0.453844,0.540115,0.086271,19.01
ndcg@10,0.497519,0.585338,0.087819,17.65
recall@1,0.343754,0.421615,0.077862,22.65
recall@10,0.687391,0.783614,0.096223,14.0
recall@3,0.528995,0.624869,0.095874,18.12
recall@5,0.605113,0.700407,0.095293,15.75
