metric,value,method
recall@1,0.42161533991865197,Dense_E5
recall@3,0.6248692620569436,Dense_E5
recall@5,0.7004067402672864,Dense_E5
recall@10,0.7836141778036025,Dense_E5
mrr,0.5401153353070843,Dense_E5
ndcg@10,0.5853377022214775,Dense_E5
