metric,BM25,Dense_E5,Reranker,Weighted_Hybrid_RRF,reranker_minus_weighted_hybrid,reranker_vs_weighted_hybrid_percent
mrr,0.453844,0.540115,0.644133,0.541863,0.10227,18.873864
ndcg@10,0.497519,0.585338,0.676292,0.586727,0.089565,15.265286
recall@1,0.343754,0.421615,0.539686,0.422313,0.117374,27.793065
recall@10,0.687391,0.783614,0.83498,0.785125,0.049855,6.349911
recall@3,0.528995,0.624869,0.728646,0.625102,0.103544,16.564417
recall@5,0.605113,0.700407,0.784195,0.708077,0.076119,10.750041
