metric,value,method
recall@1,0.41243463102847183,Hybrid_RRF
recall@3,0.6187100522951772,Hybrid_RRF
recall@5,0.6973852411388728,Hybrid_RRF
recall@10,0.7811737361998838,Hybrid_RRF
mrr,0.5332384272709666,Hybrid_RRF
ndcg@10,0.5792347659594673,Hybrid_RRF
