metric,BM25_sample_200,Dense_E5_sample_200,Reranker_sample_200,Weighted_Hybrid_RRF_sample_200
mrr,0.475907,0.551665,0.670478,0.531546
ndcg@10,0.524919,0.610542,0.708842,0.594308
recall@1,0.37,0.415,0.56,0.395
recall@10,0.705,0.815,0.86,0.81
recall@3,0.55,0.67,0.775,0.64
recall@5,0.615,0.72,0.815,0.725
