metric,BM25,Dense_E5,Hybrid_RRF,Weighted_Hybrid_RRF,weighted_minus_dense,weighted_vs_dense_percent
mrr,0.453844,0.540115,0.533238,0.541863,0.001747,0.323501
ndcg@10,0.497519,0.585338,0.579235,0.586727,0.001389,0.237284
recall@1,0.343754,0.421615,0.412435,0.422313,0.000697,0.16538
recall@10,0.687391,0.783614,0.781174,0.785125,0.001511,0.192793
recall@3,0.528995,0.624869,0.61871,0.625102,0.000232,0.037195
recall@5,0.605113,0.700407,0.697385,0.708077,0.00767,1.095072
